1DA1F2,530
E81C4F,34
F58EA8,33
1B95E0,32
19CF86,27
ABB8C2,26
91D2FA,18
FAB81E,15
000000,13
981CEB,13
0084B4,12
3B94D9,10
FF691F,10
7FDBB6,9
2FC2EF,6
009999,5
F5ABB5,4
DD2E44,4
1F98C7,4
0099CC,3
89C9FA,3
9266CC,3
94D487,2
0099B9,2
D02B55,2
006400,2
B40B43,2
038543,2
FA743E,2
FF0000,2
FF3300,2
9370DB,1
088253,1
364396,1
FF4000,1
FFCC4D,1
FFAA99,1
70AD48,1
B2F5E0,1
777777,1
FFA200,1
590087,1
2E9C2E,1
F57A9B,1
398F68,1
4A913C,1
FBC2B1,1
F01FC6,1
000080,1
280EF0,1
4DD0E1,1
306754,1
58B548,1
445555,1
FFFF88,1
02183D,1
FF9C9F,1
20B2AA,1
FFAAAA,1
F56CAE,1
131516,1
A2A8B8,1
367551,1
058282,1
B300AD,1
7FDB69,1
F70838,1
FF0091,1
FC0B84,1
990000,1
7D7DE3,1
808080,1
00CC99,1
A1141F,1
001188,1
F53D5C,1
FF335B,1
C0ED0C,1
333366,1
95CCEB,1
93A644,1
333333,1
F18777,1
1BF508,1
111111,1
FAA81B,1
5FCBCF,1
FF0055,1
FFB6C1,1
A72B2B,1
B22222,1
CC3366,1
FF219F,1
5DA5F6,1
F78EA1,1
E6535B,1
876300,1
848484,1
